mouse_id,group,region,section,stain_batch,n_images,total_fibrosis_percent_mean,interstitial_fibrosis_percent_mean,perivascular_collagen_percent_mean,perivascular_ring_collagen_percent_mean,analysis_area_px_mean,total_collagen_area_px_mean,interstitial_collagen_area_px_mean,perivascular_collagen_area_px_mean,total_fibrosis_percent_median,interstitial_fibrosis_percent_median,perivascular_collagen_percent_median,perivascular_ring_collagen_percent_median,analysis_area_px_median,total_collagen_area_px_median,interstitial_collagen_area_px_median,perivascular_collagen_area_px_median,total_fibrosis_percent_sd,interstitial_fibrosis_percent_sd,perivascular_collagen_percent_sd,perivascular_ring_collagen_percent_sd,analysis_area_px_sd,total_collagen_area_px_sd,interstitial_collagen_area_px_sd,perivascular_collagen_area_px_sd
M10,Exercise,LV myocardium,,,1,7.972091738893724,7.705445999723381,15.613737670379464,13.884145477137627,52676589.0,4199426.0,3922109.0,277317.0,7.972091738893724,7.705445999723381,15.613737670379464,13.884145477137627,52676589.0,4199426.0,3922109.0,277317.0,,,,,,,,
M12,Sedentary,LV myocardium,,,1,3.857739535901896,3.8038030817235473,6.641615489930923,6.048085680128562,62601764.0,2415013.0,2335989.0,79024.0,3.857739535901896,3.8038030817235473,6.641615489930923,6.048085680128562,62601764.0,2415013.0,2335989.0,79024.0,,,,,,,,
M13,Sedentary,LV myocardium,,,1,5.208475903232639,5.093541169431347,8.01467482891667,7.712528666245473,49588249.0,2582792.0,2426418.0,156374.0,5.208475903232639,5.093541169431347,8.01467482891667,7.712528666245473,49588249.0,2582792.0,2426418.0,156374.0,,,,,,,,
M14,Sedentary,LV myocardium,,,1,3.1089424500363885,2.6155606111015244,13.09028026517861,11.917650641821927,59568552.0,1851952.0,1484664.0,367288.0,3.1089424500363885,2.6155606111015244,13.09028026517861,11.917650641821927,59568552.0,1851952.0,1484664.0,367288.0,,,,,,,,
M15,Sedentary,LV myocardium,,,1,7.811590913509762,6.692926444373771,15.461333763682084,11.384169422825652,54981361.0,4294919.0,3210389.0,1084530.0,7.811590913509762,6.692926444373771,15.461333763682084,11.384169422825652,54981361.0,4294919.0,3210389.0,1084530.0,,,,,,,,
M16,Sedentary,LV myocardium,,,1,4.955511286059864,4.472273646994228,9.71595385511204,9.057474599577231,45712942.0,2265310.0,1856003.0,409307.0,4.955511286059864,4.472273646994228,9.71595385511204,9.057474599577231,45712942.0,2265310.0,1856003.0,409307.0,,,,,,,,
M17,Sedentary,LV myocardium,,,1,1.458753136491766,1.4216743578311806,2.212998191208778,2.056405161563627,61035550.0,890358.0,827068.0,63290.0,1.458753136491766,1.4216743578311806,2.212998191208778,2.056405161563627,61035550.0,890358.0,827068.0,63290.0,,,,,,,,
M18,Sedentary,LV myocardium,,,1,3.2888299304039377,3.020055728092407,8.733140443022968,7.589322877914437,52623092.0,1730684.0,1514480.0,216204.0,3.2888299304039377,3.020055728092407,8.733140443022968,7.589322877914437,52623092.0,1730684.0,1514480.0,216204.0,,,,,,,,
M19,Exercise,LV myocardium,,,1,5.9636684323116045,5.500468799889148,21.62395409103294,17.1942369070827,58000525.0,3458959.0,3098649.0,360310.0,5.9636684323116045,5.500468799889148,21.62395409103294,17.1942369070827,58000525.0,3458959.0,3098649.0,360310.0,,,,,,,,
M2,Exercise,LV myocardium,,,1,1.1239115598867877,1.1133104245147438,1.8364432673054063,1.7743420187484735,51303236.0,576603.0,562791.0,13812.0,1.1239115598867877,1.1133104245147438,1.8364432673054063,1.7743420187484735,51303236.0,576603.0,562791.0,13812.0,,,,,,,,
M21,Sedentary,LV myocardium,,,1,8.669851913389389,8.330678357277433,12.732601628305844,12.047857646182829,56684463.0,4914459.0,4358349.0,556110.0,8.669851913389389,8.330678357277433,12.732601628305844,12.047857646182829,56684463.0,4914459.0,4358349.0,556110.0,,,,,,,,
M22,Sedentary,LV myocardium,,,1,4.4337352021329615,4.345161317656485,7.787427600681984,7.31881965147114,50511925.0,2239565.0,2138349.0,101216.0,4.4337352021329615,4.345161317656485,7.787427600681984,7.31881965147114,50511925.0,2239565.0,2138349.0,101216.0,,,,,,,,
M23,Exercise,LV myocardium,,,1,5.9232265565415965,5.865867487845465,8.121501851873765,7.930944055944056,49849503.0,2952699.0,2849748.0,102951.0,5.9232265565415965,5.865867487845465,8.121501851873765,7.930944055944056,49849503.0,2952699.0,2849748.0,102951.0,,,,,,,,
M24,Sedentary,LV myocardium,,,1,6.174689304152329,5.466691178647446,11.584543056707654,10.278550148871988,53554063.0,3306797.0,2588830.0,717967.0,6.174689304152329,5.466691178647446,11.584543056707654,10.278550148871988,53554063.0,3306797.0,2588830.0,717967.0,,,,,,,,
M3,Exercise,LV myocardium,,,1,5.885276963011499,4.763651813285752,16.906125597296395,14.705649488635084,41403489.0,2436710.0,1790131.0,646579.0,5.885276963011499,4.763651813285752,16.906125597296395,14.705649488635084,41403489.0,2436710.0,1790131.0,646579.0,,,,,,,,
M4,Exercise,LV myocardium,,,1,7.90196768161412,7.535198954428483,16.428004827467667,14.900326111337977,52757214.0,4168858.0,3811404.0,357454.0,7.90196768161412,7.535198954428483,16.428004827467667,14.900326111337977,52757214.0,4168858.0,3811404.0,357454.0,,,,,,,,
M5,Exercise,LV myocardium,,,1,5.151628465359141,4.966662359154216,7.211824081431869,7.023671955383103,51324334.0,2644039.0,2339100.0,304939.0,5.151628465359141,4.966662359154216,7.211824081431869,7.023671955383103,51324334.0,2644039.0,2339100.0,304939.0,,,,,,,,
M6,Exercise,LV myocardium,,,1,6.881294876080268,6.881294876080268,,,23149582.0,1592991.0,1592991.0,0.0,6.881294876080268,6.881294876080268,,,23149582.0,1592991.0,1592991.0,0.0,,,,,,,,
M7,Exercise,LV myocardium,,,1,3.804771776246072,3.7199666111418295,5.080371727041474,4.655452015571025,56528384.0,2150776.0,1971750.0,179026.0,3.804771776246072,3.7199666111418295,5.080371727041474,4.655452015571025,56528384.0,2150776.0,1971750.0,179026.0,,,,,,,,
M8,Exercise,LV myocardium,,,1,5.9183143861174,5.916322237535001,6.008667060593147,5.925387423270482,45578552.0,2697482.0,2638401.0,59081.0,5.9183143861174,5.916322237535001,6.008667060593147,5.925387423270482,45578552.0,2697482.0,2638401.0,59081.0,,,,,,,,
